club_name,club_frase,jugadores,embedding_index
aldosivi,aldosivi,"Jugadores del club aldosivi:
* emanuel iniguez
* matias ezequiel schelotto
* mario federico lopez quintana
* jonathan fabian zacaria
* leandro isaac maciel
* emanuel fernando maciel
* fernando aurelio roman villalba
* ian eduardo escobar ibanez
* joaquin indacoechea
* matias morello
* rufino lucero
* luis ignacio ingolotti
* patricio boolsen
* gabriel paredes
* alejandro aranda
* elias britez
* agustin lastra
* santiago laquidain
* uriel ramirez
* tobias cervera
* facundo agustin tobares
* valentin mancini
* matias pisano
* santiago martin silva olivera
* cesar marcelo meli
* francisco javier cerro
* tomas martinez
* nicolas valentini
* javier eduardo iritier
* juan manuel cuesta baena
* tomas leonardo lecanda
* federico emanuel milo
* marcos david miers
* lautaro patricio rinaldi
* manuel panaro
* edwin stiven mosquera palacios
* franco farid perez
* luciano dario pocrnjic
* fabricio coloccini
* walter fabian assmann
* pablo ignacio becker
* jonathan cristian schunke
* mariano nahuel yeri
* matias raul villarreal
* lucas gabriel di yorio
* franco alejandro perinciolo
* mauro joel carli
* yoel gustavo juarez
* felipe jorge rodriguez valla
* jonatan nahuel benedetti
* leonel ezequiel galeano
* gonzalo alberto veron
* facundo daniel bertoglio
* fernando andres evangelista iglesias
* cain jair fara
* hernan dario burbano
* ezequiel videla greppi
* denis andres stracqualursi
* leonardo agustin sanchez
* jefferson mena palacios
* facundo andres castillon
* emiliano ariel ozuna
* leandro sapetti
* francisco gaston leonardo
* juan ignacio silva
* ramiro garay
* fernando telechea
* antonio cesar medina
* pablo campodonico
* alexis nicolas castro
* franco nicolas canever
* sebastian ariel penco
* federico matias leon
* angel gaston diaz
* matias alejandro vega
* cristian ezequiel llama
* roberto sebastian brum gutierrez
* ramiro ezequiel arias
* luis leandro sosa otermin
* damian david ledesma
* joel gustavo acosta
* sebastian dario navarro
* nicolas jesus ciribe
* nahuel pajaro
* raul fernando poclaba
* franco tomas sosa
* claudio cesar correa caniza
* juan ignacio dinenno de cara
* emiliano borjas
* luis angel vildozo godoy
* matias gabriel rosso
* ariel raul bulasio
* roque gabriel vargas
* andres lope
* juan pablo gargiulo
* milton axel muller
* juan carlos menseguez
* carlos soto
* alejandro ruben capurro
* mariano enrique seccafien
* leonardo marcelo fredes",0
argentinos juniors,argentinos juniors,"Jugadores del club argentinos juniors:
* gabriel avalos stumpfs
* kevin mac allister
* miguel angel torren
* lucas hernan villalba
* mariano ezequiel bittolo
* alexis martin arias
* marcelo javier cabrera rivero
* francisco gonzalez metilli
* federico vicente lanzillota
* matias gabriel vera
* alan rodriguez
* franco david moyano
* fabricio dominguez huertas
* luciano sanchez
* leonel hernan gonzalez
* jonathan alexis sandoval rojas
* leonardo matias heredia
* rodrigo ezequiel cabral
* gaston nicolas veron
* thiago thomas nuss
* marco genare di cesare
* federico redondo
* yair gonzalez
* pablo agustin minissale
* david zalazar
* jose herrera
* lautaro ovando
* miguel acosta
* andres felipe roa estrada
* leandro farid finochietto
* horacio gabriel carabajal
* matias galarza
* fausto mariano vera
* cesar gabriel florentin
* roman vega
* johan camilo campana barrera
* emanuel herrera
* francisco ilarregui
* diego sosa
* lucas ambrogio
* nicolas alejandro forastiero
* ivan leonardo colman
* daniel alessandro saggiomo mosquera
* juan roman pucheta
* matias nicolas caruzzo
* tomas gustavo andrade
* franco gabriel ibarra
* agustin ignacio aleo
* matko mijael miljevic
* edwar manuel lopez gomez
* facundo matias barboza
* marcos alberto angeleri
* thomas damian amilivia
* alessio ezequiel naim ham
* raul marcelo bobadilla
* leandro gaston paiva santurion
* leonardo nicolas pisculichi
* gaston machin
* gaston dario bojanich
* francisco illarregui
* mauro angel maidana
* lucas martin ferraz vila
* patricio nehuen perez
* esteban gabriel rueda
* julian illanes minucci
* franco alexis lopez
* luiz humberto da silva silva
* nicolas ivan gonzalez
* federico marcelo anselmo
* fabricio german lenci
* ricardo sebastian riquelme
* jonathan jose canete
* juan camilo saiz ortegon
* mauro daniel quiroga
* sebastian rodrigo martinez aguirre
* lautaro daniel mesa
* lucas pizzatti
* matias alfredo martinez
* cristian raul ledesma
* emilio jose zelaya
* carlos heber bueno suarez
* nicolas omar freire
* luciano javier cabral
* nahuel jonathan rodriguez gonzalez
* camilo andres vargas gil
* federico insua
* franco valentin flores
* luis mariano almandoz
* sebastian matias giovini
* emiliano lionel trovento
* juan pablo lemos
* diego alejandro rivero
* matias alejandro gimenez
* cristian osvaldo alvarez
* gerardo maximiliano freitas talpamiz
* german rodrigo basualdo
* juan alberto sabia
* federico gallego revetria
* jonathan joel rodriguez
* nicolas batista",1
arsenal de sarandi,arsenal de sarandi,"Jugadores del club arsenal de sarandi:
* alejandro gabriel medina
* tomas sultani
* brian lautaro guzman
* facundo eduardo pons
* tiago nahuel banega
* maximiliano tomas centurion
* leonardo marchi rivero
* tobias joel zarate
* ignacio gariglio
* joaquin pombo
* adrian marcelo sporle
* alejandro ezequiel rivero gonzalez
* shayr mohamed gonzalez
* santiago toloza
* william machado
* bruno baez panero
* emiliano viveros
* franco martinez
* juan peinipil
* facundo daniel kruspzky
* dardo federico miloc
* christian chimino
* juan francisco apaolaza
* alejo antilef
* joaquin bigo
* lucas emanuel brochero
* braian sanchez
* lucas matias cano
* axel wilfredo werner
* edwin andres torres palacio
* aldo agustin maiz gill
* hector horacio igarzabal
* tadeo tomas rodriguez
* lautaro bursich
* marcos ulises abreliano
* nicolas mario mazzola
* emiliano ramiro papa
* alan nahuel ruiz
* jonathan pablo bottinelli
* valentin larralde
* jorge alberto ortiz
* nicolas juan gabriel miracco
* maximiliano juan rogoski
* ramiro braian luna
* lucas misael necul
* mateo carabajal
* nicolas gaston navarro
* rodrigo nicolas ramirez
* ramiro agustin balbuena chamorro
* gonzalo ariel gomez
* nicolas ezequiel gimenez
* gaston maximiliano alvarez suarez
* lucas ezequiel piovi
* ezequiel edison rescaldani
* lautaro joel parisi
* ruben osvaldo zamponi
* ezequiel adrian cerica
* pablo sebastian valeira alvarez
* lionel alejandro nicolas laborda
* diego nunez
* lucas antonio wilchez
* marcos curado
* pablo ariel santillo
* diego gonzalo chaves de miquelerena
* gonzalo federico gonzalez pereyra
* sergio ezequiel velazquez
* facundo nicolas quintana
* ryduan palermo
* rodrigo pollero lopez
* bryan carlos schmidt
* mauricio hernan aquino
* ramon maximiliano velazco
* julio franco sosa
* leonardo gabriel rolon
* german julio cesar ferreyra
* ivan gonzalo bella
* maximiliano brian rolon
* gaston alexander del castillo
* rodrigo bella
* thiago rodrigues da silva
* rene daniel moyano
* maximiliano matias calzada fuentes
* leandro godoy
* gonzalo emiliano gimenez
* matias ezequiel zaldivar
* gabriel alejandro sanabria
* gonzalo sebastian papa palleiro
* joaquin antonio boghossian lorenzo
* tomas berra
* julio cesar rodriguez gimenez
* luciano german vella
* gonzalo ismael bazan
* juan gabriel celaya
* renso perez
* federico jesus flores
* salvador sanchez
* mauro daniel leiva
* martin jose gimenez
* agustin vuletich
* ramiro andres lopez
* milton aaron celiz
* ezequiel eduardo ruiz
* miguel eduardo caneo
* ivan varga
* maximiliano francisco herrera
* federico raul laurito
* matias ezequiel zaldivia
* gonzalo ezequiel gonzalez
* santiago trellez viveros
* gabriel alejandro flores
* cristhian marcelo soria
* jorge curbelo
* oscar alejandro limia
* matias daniel campos toro
* gaston ruben esmerado
* dany alejandro rosero valencia
* lucas ramon pugh
* julian gabriel cardozo
* pablo cesar burzio
* enzo enrico prono zelaya
* juan cruz randazzo",2
atletico rafaela,atletico rafaela,"Jugadores del club atletico rafaela:
* nelson fabian benitez
* gabriel jesus morales
* emiliano romero clavijo
* oscar matias carniello
* eros medaglia
* mauro rafael albertengo
* diego armando montiel
* guido rossetti
* nicolas francisco canavessio
* mateo castellano
* santiago nicolas paz
* manuel bustos
* gianfranco ferrero
* enzo gaggi
* facundo gaston soloa
* robin ariel ramirez gonzalez
* tomas martin baroni
* sergio candelario sosa
* rodrigo jesus colombo
* sergio oscar almiron
* mariano damian puch
* facundo manuel parra
* german ezequiel rodriguez rojas
* esteban gabriel orfano
* federico matias scoppa
* heber gaston colman leguisamo
* norberto javier paparatto
* dimas ezequiel morales
* sebastian fernando sanchez
* facundo cervantes
* pablo jose pavetti
* juan eduardo eluchans
* osmar daniel ferreyra
* guillermo andres marino
* carlos de giorgi
* pablo leonel gaitan
* franco marcelo jominy
* mauricio sebastian gomez castro
* martin damian diaz pena
* carlos javier acuna caballero
* marcos sartor
* marcos santiago fissore",3
atletico tucuman,atletico tucuman,"Jugadores del club atletico tucuman:
* bruno felix bianchi massey
* guillermo gaston acosta
* joaquin nicolas pereyra
* manuel vicente capasso
* cristian matias menendez
* yonathan emanuel cabral
* ramiro ruiz rodriguez
* renzo ivan tesuri
* matias exequiel orihuela bonino
* mateo agustin coronel
* marcelo sebastian gonzalez cabral
* wilson gabriel ibarrola caballero
* adrian sanchez
* ignacio daniel maestro puch
* marcelo estigarribia
* luis alberto ojeda
* marcelo damian ortiz
* tomas ignacio marchiori carreno
* francisco di franco
* alvaro agustin lagos
* camilo hernan albornoz
* nicolas romero
* kevin amir isa luna
* carlos emilio lampe porras
* ramiro angel carrera
* augusto diego lotti
* eugenio horacio isnaldo
* martin garay
* gaston ignacio gil romero
* nicolas alejandro thaller
* gabriel adolfo risso patron
* enrique javier borja araujo
* andres felipe balanta cifuentes
* federico oscar andrada
* jose alexis doldan aquino
* ramiro nicolas cristobal calderon
* franco coman
* nicolas emanuel lamendola
* lucas naranjo
* marcos valor
* felipe manuel campos mosqueira
* mauro gabriel osores
* tomas esteban cuello
* emanuel hernan rosales
* jonas samuel romero
* cristian david lucchetti
* franco gabriel mussis
* cristian damian erbes
* santiago vergini
* oscar benitez
* franco pizzicanella blasi
* gustavo matias alustiza
* luciano fabian monzon
* gustavo ariel toledo
* nicolas diego aguirre
* martin nicolas peralta
* gonzalo pablo castellani
* juan ignacio mercier
* jose ignacio san roman canciani
* mauro matos
* andres lamas bervejillo
* tomas ivan rojas gomez
* gaston iturrieta
* david valdez
* cristian carlos villagra
* ismael blanco
* nahuel alejandro zarate
* jorge emanuel molina
* mauricio affonso prieto
* matias leonel ballini
* gonzalo gaston freitas silva
* hernan ignacio hechalar
* andres alejandro montiel
* facundo daffonchio
* franco tomas quiroga
* mauricio sanna
* leandro gonzalez
* jairo fabian palomino sierra
* enrique gabriel meza britez
* jose alejandro mendez
* gonzalo ariel ontivero
* miguel julio
* pablo domingo caceres rodriguez
* juan jose govea tenorio",4
banfield,banfield,"Jugadores del club banfield:
* brahian milton aleman athaydes
* facundo altamirano
* agustin jose urzi
* emanuel olivera
* ramiro enrique paz
* emanuel mariano insua zapata
* andres eliseo chavez
* alejandro martin cabrera
* eric daian remedi
* luis alexis maldonado
* emanuel gustavo coronel
* luciano andres abecasis
* sebastian sosa sanchez
* alejandro ramon maciel
* nicolas sosa sanchez
* jose ignacio alvarez medero
* dylan gissi
* facundo nicolas cambeses
* luis enrique del pino mago
* juan manuel cruz
* matias alexis romero
* lautaro nicolas rios
* aaron facundo quiroz
* gregorio jose tanco
* ignacio agustin rodriguez
* matias nahuel gonzalez
* julian eseiza
* facundo sanguinetti
* enrique alberto bologna gomez
* jesus alberto datolo
* pablo maximiliano cuadra
* julian eduardo palacios
* erik nicolas lopez samaniego
* jeremias perales
* nicolas santiago bertolo
* giuliano galoppo
* dario cvitanich
* alexis gaston sosa
* valentin barbero
* leonardo flores
* luciano daniel pons
* gonzalo miceli
* ramiro di luciano
* jonas manuel gutierrez
* fabian ramon bordagaray
* claudio daniel villagra
* sebastian martin benega
* dany edjo'o
* mauricio gabriel asenjo
* claudio nicolas bravo
* rodrigo sebastian arciero
* reinaldo lenis montes
* pablo cesar leonardo velazquez centurion
* pablo daniel osvaldo
* esteban nestor conde quintana
* sebastian dubarbier
* matias hernan moya
* israel alejandro damonte
* sergio javier vittor
* julian simon carranza
* brian nahuel robles
* rodrigo ernesto tapia
* luis marcelo torres
* denis agustin brizuela
* michael steven lopez
* franco daniel colela castro
* martin lucero
* lucas piergiacomi
* juan molina
* luciano civelli
* romel morales ramirez
* hilario bernardo navarro
* lihue dario prichoda
* thomas rodriguez trogsar
* claudio daniel perez
* giovanni pablo simeone
* enzo gabriel trinidad
* miguel alejandro escobar
* maximiliano sbrissa
* matias enrique abelairas
* emiliano franco terzaghi
* facundo nicolas tevez
* marco di menno
* gonzalo negro
* cristian molina
* leandro chetti
* jose ricardo devaca sanchez
* juan cuellar
* alejandro alcayaga
* omar zarif
* santiago gabriel salcedo gonzalez
* carlos agustin farias
* fabio aaron omar segovia",5
barracas central,barracas central,"Jugadores del club barracas central:
* lucas andres colitto
* ivan tapia
* juan ignacio diaz
* facundo leonel mater
* brian alejandro calderara
* carlos arce
* valentin nicolas viola
* maximiliano rodriguez
* cristian arce
* rodrigo insua
* axel bordon
* nicolas capraro
* mauro peinipil
* fernando andres prado avelino
* rodrigo ezequiel herrera
* alan martin cantero
* manuel brondo
* alex juarez
* lucas fabrizio lopez
* julian viollaz
* guido villar
* andres desabato
* marcos benitez
* maximiliano puig
* bruno mastronicola
* nicolas agustin ferreyra
* cristian ariel colman ortiz
* maximiliano jose gagliardo
* pablo nicolas mouche
* carlos fernando valenzuela
* gonzalo paz
* neri ricardo bandiera
* bruno christian sepulveda
* dylan glaby
* sebastian rincon lucumi
* juan manuel vazquez
* jonathan matias blanco
* facundo alfredo castro
* thomas gutierrez",6
belgrano,belgrano,"Jugadores del club belgrano:
* cristian rafael techera cribelli
* maximiliano francisco lugo
* martin rodrigo rivero
* juan gabriel patino martinez
* juan leandro quiroga
* anthony chelin uribe francia
* sebastian luna
* tomas adriel attis
* wilson ivan altamirano
* rodrigo gomez
* agustin adelmo rufinetti
* geronimo tomasetti
* miguel angel martinez
* federico hernan alvarez
* tobias nahuel figueroa
* jorge hernan menosse acosta
* adrian martin balboa camacho
* mariano omar barbieri
* fabricio brener
* leandro sebastian olivarez
* pablo nicolas heredia
* joaquin nehemias rikemberg
* gonzalo eduardo martinez
* franco emanuel pardo
* epifanio ariel garcia duarte
* marcelo german montoya
* cristian gabriel romero
* santiago gabriel martinez pintos
* francisco romero
* braian alexis volpini
* hansell argenis riojas la rosa
* marcos alejandro rivadero
* esteban ezequiel espindola lopez
* german emmanuel gaitan
* lucas elio aveldano
* ivan etevenaux
* guillermo martin farre
* jorge luis velazquez
* enzo maximiliano roggio
* cristian gorgerino
* santiago walter rosa
* mario bolatti
* nahuel isaias lujan
* cesar emmanuel pereyra
* jose manuel rojas bahamondes
* juan carlos olave
* mauro ivan obolo
* ivan edgardo paz
* adrian argacha gonzalez
* luciano rodriguez
* german gabriel cochis millicay
* pablo mattalia
* joel valdemarin
* maximiliano zarate fagiuolo
* lucas manuel zelarayan
* gaston alejandro turus
* cesar mansanelli
* luciano becchio
* esteban nicolas gonzalez
* jerry ricardo bengtson bodden
* cesar federico pintos alvarez
* julio cesar furch",7
belgrano de cordoba,belgrano de cordoba,"Jugadores del club belgrano de cordoba:
* imanol gonzalez benac
* lucas abel pittinari
* leandro david fernandez",8
boca juniors,boca juniors,"Jugadores del club boca juniors:
* agustin daniel rossi
* faustino marcos alberto rojo
* sebastian villa cano
* frank yusty fabra palacios
* dario ismael benedetto
* sergio german romero
* guillermo matias fernandez
* oscar david romero villamayor
* alan gonzalo varela
* luis jan piers advincula castrillon
* juan edgardo ramirez
* javier hernan garcia
* facundo sebastian roncaglia
* jorge nicolas figal
* aaron nicolas molinas
* nicolas orsini
* luis ismael vazquez
* oscar exequiel zeballos
* diego hernan gonzalez
* martin ismael payero
* marcelo alexis weigandt
* cristian nicolas medina
* ezequiel fernandez
* norberto alejandro briasco balekian
* luca langoni
* esteban leonardo rolon
* agustin sandez
* gabriel aranda
* carlos augusto zambrano ochandarte
* jorman david campuzano puentes
* eduardo antonio salvio
* carlos roberto izquierdoz
* gaston luciano avila
* cristian david pavon
* agustin ezequiel almendra
* valentin barco
* leandro leonel brey
* lisandro ezequiel lopez dessypris
* esteban maximiliano andrada
* carlos alberto tevez
* nicolas capaldo toboas
* israel enoc escalante
* emanuel reynoso
* sebastian perez cardona
* junior osmar ignacio alonso mujica
* jan carlos hurtado anchico
* nahuel molina lucero
* javier agustin bustillos
* federico abadia
* alexis mac allister
* gonzalo agustin lamardo
* daniele de rossi
* nahitan michel nandez acosta
* wilmar enrique barrios teran
* lucas rene olaza catrofe
* leonardo julian balerdi rossa
* cristian omar espinoza
* lisandro magallan
* guido nahuel vadala
* jonathan cristian silva
* rodrigo bentancur colman
* bruno gabriel galvan
* daniel alberto diaz
* german alexis rolin fernandez
* marcelo nicolas lodeiro benitez
* luciano federico acosta
* jonathan calleri
* jose pedro fuenzalida gana
* matias gaston zaragoza
* jonathan chmea
* juan daniel forlin
* hernan gustavo grana
* leonardo gabriel suarez
* yamil jorge gonzalo romero",9
central cordoba sde,central cordoba sde,"Jugadores del club central cordoba sde:
* brian rolando blasi
* fabio jesus pereyra
* jesus miguel soraire
* enzo maximiliano kalinski
* ciro pablo rius aragallo
* marcos ignacio ledesma
* gustavo damian canto
* nicolas leguizamon
* matias alejandro laba
* julian alejandro navas
* lautaro montoya
* matias mansilla
* abel alejandro bustos
* federico jourdan
* cristian gonzalo torres
* jose gomez
* facundo castelli
* sebastian valdez
* leandro ciccolini
* mateo montenegro
* luciano bocco
* gino olguin
* renzo lopez patron
* cesar pablo rigamonti
* anibal jonathan gaston bay
* cristopher benjamin toselli rios
* ivan rodrigo ramirez segovia
* alejandro martinez
* claudio maximiliano riano
* nicolas hugo linares
* matias di benedetto
* francisco guillermo grahl
* hernan dario lopez munoz
* paulo fabian lima simoes
* nahuel eugenio banegas
* lucas agustin besozzi
* rodrigo montes
* andres ulises mehring
* sebastian cesar helios ribas barbato
* jose ramon leguizamon ortega
* pablo abel arganaraz paradi
* nelson federico insfran
* gonzalo rios rios
* agustin gallo
* axel pinto
* lucas nahuel arzamendia
* lautaro gabriel torres
* pablo barraza
* emanuel marcelo cuevas
* henry matias mier codina
* leonardo sequeira
* milton gimenez
* juan daniel galeano
* juan cruz gonzalez
* cesar omar taborda
* dixon stiven renteria mosquera
* ariel mauricio rojas
* jose santiago rosales
* hugo ismael vera oviedo
* jose luis fernandez
* cristian hernan diaz
* ivan ricardo ramirez
* leandro vella
* leonel caffaratti
* pablo javier palacios alvarenga
* mauro alejandro barraza
* juan ignacio vieyra
* matias jose pato rios
* agustin lionel allione
* santiago alejandro gallucci otero
* jhoao leandro rodriguez gonzalez
* dany jose cure correa
* lisandro joel alzugaray
* maximiliano cavallotti
* emanuel maximiliano romero
* marcos fabian sanchez
* francisco manenti
* nicolas correa risso
* juan pablo ruiz gomez
* leonardo enrique villalba
* jose adolfo valencia arrechea
* leandro daniel requena",10
chacarita juniors,chacarita juniors,"Jugadores del club chacarita juniors:
* german david re
* juan martin imbert
* federico guillermo rosso
* matias ezequiel rodriguez
* alejandro fabian gagliardi
* miguel alberto mellado
* alan ariel robledo
* leandro emmanuel martinez
* gabriel alejandro lazarte
* juan ignacio alvarez morinigo
* yefri antonio reyes pinto
* agustin alejandro modula
* gonzalo groba
* elias alderete
* gian crocci
* lucas emanuel alvarez
* tomas segovia
* joaquin ibanez
* julian lichtenauer
* facundo rodriguez calleriza
* lucas elias ontivero
* lucas manuel destefano
* lucas lezcano
* lucas lescano
* nahuel elias tribulo
* cristian daniel barrios
* sebastian gorga nogueira
* cristian daniel campestrini
* kevin mateo cardona bedoya
* lucas gabriel lescano martinez
* nicolas vidal
* matias medina",11
club atletico aldosivi,club atletico aldosivi,"Jugadores del club club atletico aldosivi:
* alan jesus alegre",12
club atletico banfield,club atletico banfield,"Jugadores del club club atletico banfield:
* juan manuel cobo galvez",13
club atletico colon,club atletico colon,"Jugadores del club club atletico colon:
* marcos gabriel fernandez
* pablo sebastian cuevas
* mauro marconato
* osvaldo gabriel arroyo",14
club atletico huracan,club atletico huracan,"Jugadores del club club atletico huracan:
* joaquin nicolas mendive
* german alejandro lesman
* maximiliano agustin zelaya
* federico luciano nieto",15
club atletico independiente,club atletico independiente,"Jugadores del club club atletico independiente:
* juan antonio di lorenzo
* emiliano ariel rigoni
* lucas martin villafanez",16
club atletico lanus,club atletico lanus,"Jugadores del club club atletico lanus:
* lautaro rodrigo valenti
* guillermo sara
* marcos emanuel astina
* maximiliano caceres
* agustin daniel pelletieri",17
club atletico sarmiento,club atletico sarmiento,"Jugadores del club club atletico sarmiento:
* luciano maza",18
club atletico temperley,club atletico temperley,"Jugadores del club club atletico temperley:
* alexis joel zarate maldonado
* david eduardo achucarro trinidad
* cristian ignacio paz
* rodrigo cordoba",19
club atletico tigre,club atletico tigre,"Jugadores del club club atletico tigre:
* maximiliano roman ugarriza
* brian nicolas ruiz
* pedro gutierrez
* julio cesar chiarini
* manuel gonzalez
* mariano echeverria
* kevin fabian itabel
* andres searson
* leandro lujan leguizamon
* diego gabriel caballero",20
club olimpo,club olimpo,"Jugadores del club club olimpo:
* joel sacks
* adrian nahuel martinez
* emanuel bilbao",21
colon,colon,"Jugadores del club colon:
* luis miguel rodriguez
* facundo hernan farias
* rafael marcelo delgado
* facundo tomas garces
* paolo duval goltz
* ramon dario abila
* baldomero perlaza perlaza
* juan pablo alvarez
* ignacio francisco chicco
* cristian orlando vega
* eric exequiel meza
* matias alejandro ibanez basualdo
* santiago daniel pierotti
* leonel marcelo picco
* andrew christopher teuten ponzoni
* jorge daniel benitez guillen
* augusto schott
* brian andres farioli
* lucas javier acevedo
* julian antonio chicco
* gian nardelli
* joaquin bautista ibanez
* leandro ojeda
* jose pablo neris figueredo
* tomas moschion
* gonzalo silva
* luis schlishting
* franco deboli
* cristian oscar bernardi
* mauro abel formica
* mario nicolas otazu vera
* tomas david sandoval
* federico eduardo lertora
* nahuel ezequiel gallardo
* guillermo federico gonzalvez
* conrado david ibarra
* leandro fabian quiroz
* danilo gomez
* brian leonel fernandez
* joaquin fabricio hass
* wilson david morelo lopez
* yeiler andres goez
* gonzalo daniel escobar
* lucas ezequiel viatri
* mateo hernandez
* juan cruz zurbriggen
* rafael garcia casanova
* agustin doffo
* matias lionel fritzler
* marcelo alejandro estigarribia balmori
* guillermo leon celis montiel
* cristian gabriel esparza
* ricardo gaston diaz
* hector damian schmidt
* mauro andres da luz regalado
* braian alejandro galvan
* joaquin manuel aylagas
* erik fernando godoy
* franco nicolas quiroz
* andres felipe cadavid cardona
* adrian jesus bastia beruzzi
* franco zuculini
* clemente juan rodriguez
* gonzalo diego bueno bingola
* mariano nicolas gonzalez
* ariel hernan chavez
* juan francisco bauza
* german andres conti
* facundo ezequiel silva
* cristian david guanca
* facundo julian callejo
* fidencio oviedo dominguez
* diego eduardo lagos
* ivan arturo torres riveros
* raul alejandro iberbia
* mauro daniel dalla costa
* osvaldo ruben barsottini
* diego armando mayora rengifo
* andres german bailo
* victor emanuel casado
* lucas comachi
* federico hernan boasso fleury
* santiago biglieri
* luis leandro castillo
* santiago villafane
* cristian carlos ivan sain
* franco eduardo mazurek
* cristian andres palomeque valoyes
* lucas leon landa
* federico ruiz
* emiliano martin garcia tellechea
* ignacio lovera
* daniel perez
* raul oscar becerra
* exequiel gomez",22
crucero del norte,crucero del norte,"Jugadores del club crucero del norte:
* julio eduardo barraza
* gabriel martin tomassini
* alejandro nicolas martinez ramos
* ernesto raul alvarez fleitas
* maximiliano fernando oliva
* daniel alejandro perez
* nicolas andres olmedo
* german martin caffa
* nicolas dematei
* gabriel chironi
* pablo matias stupiski
* adrian alegre
* dardo guido romero
* dante bareyro
* pedro britez
* lucas ivan caballero
* enzo godoy
* jose dujaut
* brian dominguez
* ivan alejandro molinas
* damian rivas
* cristian agustin almiron
* guillermo bachke
* adrian agustin yagusieczko
* victor oscar cabana
* rodrigo nicolas lechner
* juan ignacio mendonca
* gumersindo mendieta bogado
* geronimo silva
* nicolas diego dematei
* marcelo alejandro lamas
* claudio oscar fileppi
* juan cabrera",23
defensa y justicia,defensa y justicia,"Jugadores del club defensa y justicia:
* luis ezequiel unsain
* david matias barbona
* marcelo nicolas benitez
* nicolas martin tripichio
* juan gabriel rodriguez
* gabriel gustavo alanis
* nicolas emanuel fernandez
* nazareno colombo
* alexis nahuel soto
* gaston alberto togni
* kevin facundo gutierrez
* tomas cardona
* jorge dario caceres ovelar
* leandro otormin
* braian abel rivero
* julian malatini
* nicolas mauricio zalazar
* julian alejo lopez
* lucas souto
* lautaro tomas escalante
* andres lorenzo rios
* agustin sant'anna
* federico versaci
* santiago ramos mingo
* lautaro amade
* leandro espejo
* ezequiel cannavo
* francisco marco
* adonis uriel frias
* cristian jonatan ortiz
* cristian agustin fontana
* lucas gabriel albertengo
* tomas galvan
* brahian cuello
* manuel duarte
* carlos rodolfo rotondi
* hugo ezequiel silva
* maximiliano luayza
* kevin lencina
* mariano pieres
* miguel angel merentiel serrano
* hugo francisco fernandez martinez
* enzo gabriel coacci
* matias nicolas rodriguez
* franco ezequiel paredes
* tomas facundo mariano ortiz
* jose nicolas gonzalez
* edison mauricio duarte barajas
* agustin sienra
* fernando nicolas meza
* washington fernando camacho martinez
* jonathan leonardo farias
* pedro david ramirez
* nicolas gaston avellaneda
* enzo candia
* juan bautista miritello
* ruben alejandro botta montero
* neri raul cardozo
* braian oscar ojeda rodriguez
* lucio emanuel chiappero
* ignacio santiago aliseda
* lucas coyette
* julio cesar gonzalez trinidad
* nicolas andres mana
* lisandro martinez
* juan ignacio gonzalez brazeiro
* marcelo alejandro larrondo paez
* gonzalo orlando diaz nachar
* rafael victoriano barrios
* luis vicente jerez silva
* jonathan ivan requena
* nicolas czornomaz
* pablo andres alvarado
* leandro agustin zazpe rodriguez
* daniel alberto gonzalez
* matias andres sosa
* jose ignacio rivero segade
* hernan daniel fredes
* nahuel juan adolfo cisneros
* federico maya
* oscar ain acosta luna
* adrian leandro dominguez
* nicolas marcelo stefanelli
* christian damian moreno
* fabrizio buschiazzo morel
* gonzalo martin bravo
* ruben daniel bentancourt morales
* hugo maximiliano soria sanchez
* javier orlando yacuzzi
* mariano guerreiro
* guido walter dal cason
* guido rodriguez
* eric daniel aparicio
* fernando martin barrios
* diego venturi
* kevin cassoratti
* maximiliano gauto gonzalez
* juan ignacio dobboletta
* lucas leonel vera piris
* franco jaime
* diego hernan yacob
* esteban ariel saveljich
* juan andres tejera arachichu
* diego ruben tonetto
* axel fernando juarez
* jaime franco
* leonardo emanuel landriel
* emiliano daniel romero
* gonzalo gabriel cabrera giordano
* walter anibal acevedo
* carlos damian casteglione
* leandro rodrigo becerra
* leandro ariel fioravanti
* pablo timoteo de miranda",24
estudiantes,estudiantes,"Jugadores del club estudiantes:
* jorge agustin rodriguez
* leonardo ezequiel godoy
* mariano gonzalo andujar
* fernando zuqui
* mauro boselli
* pablo daniel piatti
* jose ernesto sosa
* emmanuel mas sgros
* guido marcelo carrillo
* benjamin rollheiser
* mauro mendez
* ezequiel matias munoz
* mauricio luciano lollo
* zaid abner romero
* matias godoy
* juan guasone
* carlo maria lattanzio
* claudio daniel sappa
* franco zapiola
* eros mancuso
* mateo pellegrino
* bautista kociubinski
* deian veron
* santiago nunez
* gonzalo pineiro
* brian orosco
* nicolas palavecino
* fabian ariel noguera
* luis manuel castro caceres
* hernan dario toledo
* jorge emanuel morel barrios
* nehuen mario paz
* jeronimo pourtau
* bruno valdez
* agustin maximiliano rogel paita
* gustavo javier del prete
* ricardo ezequiel ramirez
* nelson deossa
* ezequiel naya
* matias pellegrini
* emanuel tomas beltran bardas
* maximiliano david ayala
* esteban daniel obregon
* matias aguirregaray guruceaga
* mauricio manuel guzman
* jaime javier ayovi corozo
* franco agustin romero
* emilio emiliano gonzalez
* nahuel estevez
* lucas ariel rodriguez
* federico rafael gonzalez
* dario ariel sarmiento
* andres oscar ayala
* mauro alberto diaz
* franco nicolas sivetti
* rolando valentin ortiz correa
* javier alejandro mascherano
* juan eduardo fuentes jimenez
* facundo sanchez
* pablo mauricio rosales
* matias emanuel ahumada acuna
* gaston nicolas fernandez
* alvaro daniel pereira barragan
* gonzalo alejandro jara reyes
* hugo mariano pavone
* rodrigo brana
* pablo ariel luguercio
* juan bautista cejas
* jacob israel murillo moncada
* estefano francesconi
* christian fernando aleman alegria
* leandro desabato
* juan ferney otero tovar
* nicolas talpone
* andres ramiro escobar diaz
* elias ezequiel umeres
* juan perotti
* jeisson andres vargas salazar
* luciano andres vargas
* juan sebastian veron
* nahuel hernan losada
* leonardo fabian marinucci
* lucas bruera
* diogo silvestre bittencourt
* cristian ariel belucci
* luis nahuel luna
* gabriel nicolas seijas
* ezequiel miranda
* facundo alfonso andujar
* franco piergiacomi
* agustin silva
* rodrigo ezequiel ayala
* matias isidoro presentado
* javier sequeira
* leandro damian benitez
* leandro sandoval
* cesar augusto mena mosquera
* carlos joaquin correa",25
estudiantes de la plata,estudiantes de la plata,"Jugadores del club estudiantes de la plata:
* juan bautista cascini
* ignacio daniel bailone
* santiago lionel ascacibar
* juan marcos foyth
* emmanuel efrain tarabini",26
gimnasia la plata,gimnasia la plata,"Jugadores del club gimnasia la plata:
* cristian alberto tarragona
* sandro leonardo morales
* matias german melluso
* carlos nicolas colazo
* guillermo enrique
* franco soldano
* eric ivan jesus ramirez
* german leonel guiffrey
* ramon sosa acosta
* leandro nicolas contin
* harrinson mancilla mulato
* maximiliano gabriel comba
* matias nicolas miranda
* benjamin dominguez
* bautista barros schelotto
* juan ignacio miramon
* rodrigo castillo
* diego mastrangelo
* bruno palazzo
* alan lescano
* rolando lautaro chavez
* nahuel manganelli
* tomas durso
* tomas muro
* agustin gabriel bolivar
* gonzalo gonzalez
* alexis steimbach
* rodrigo emanuel cecchini
* guillermo fratta cabrera
* nery francisco leyes
* alexis dominguez
* maximiliano angel coronel
* franco torres
* estanislao jara
* rodrigo julian holgado
* ivo mammini
* matias augusto perez garcia
* lucas matias licht
* sebastian cocimano
* victor hugo ayala nunez
* antonio napolitano
* leandro mamut
* lucas calderon
* tomas agustin fernandez
* matias nicolas gomez
* patricio ivan monti
* ariel matias garcia
* jesus armando vargas rojas
* gianluca simeone
* jhonatan alexander agudelo velasquez
* maximiliano caire
* jonathan german chacon
* marco natanel torsiglieri
* janeiler rivas palacios
* facundo julian oreja
* edwin alexi gomez gutierrez
* juan cataldi
* diego parini
* agustin ramirez
* luciano gaston perdomo
* mauro guevgeozian crespo
* alejandro eduardo melo
* facundo abel pereyra
* franco niell
* nicolas ecequiel dibble aristimuno
* jeronimo barrales
* matias jesus noble
* yair ivan bonnin
* nicolas dario ortiz
* enzo martinez
* camilo veloz
* nicolas raul benavidez
* christian guillermo martin ramos garagay
* nicolas alejandro ibanez
* lucas armando lobos
* sebastian ariel romero
* mauricio martin romero
* pablo ezequiel vegetti pfaffen
* kevin alejandro ceceri
* juan pablo noce
* federico ivan rasic
* omar heber pouso osores
* omar brian andrada
* diego oscar nicolaievsky
* adrian alejandro lugones
* jorge luis rojas meza
* ignacio jauregui
* facundo urquiza
* ignacio lachalde
* eduardo baez
* augusto delgado
* cristian piarrou
* maximiliano daniel gorgerino
* nery antonio cardozo escobar
* juan pocholo",27
gimnasia y esgrima la plata,gimnasia y esgrima la plata,"Jugadores del club gimnasia y esgrima la plata:
* hernan tifner
* daian alberto garcia
* khalil caraballo
* jonas corvalan
* lucas manuel leiva
* joaquin romea",28
godoy cruz,godoy cruz,"Jugadores del club godoy cruz:
* martin exequiel ojeda
* diego matias rodriguez
* gianluca ferrari
* pier miqueas barrios
* nestor adriel breitenbruch
* ederson salomon rodriguez lima
* gonzalo damian abrego
* juan alberto andrada
* federico rasmussen
* sebastian ariel lomonaco
* marcos gonzalo goni
* brian salvareschi
* matias ramirez
* tadeo allende
* rodrigo emanuel saracho
* tomas jose conechny
* bruno leyes
* cristian david nunez morales
* roberto nicolas fernandez fagundez
* enzo larrosa
* lucas arce
* thomas ignacio galdames millan
* santiago paiva
* andres meli
* silvio nahuel ulariaga
* gaston pedernera
* matias soria
* edilson salinas
* franco negri
* nelson fernando acevedo
* juan angel espinola gonzalez
* cristian gabriel chavez
* elias ivan pereyra
* elias sebastian lopez
* luciano gaston pizarro
* juan de dios pintado
* tomas ezequiel castro ponce
* gabriel vega
* juan andres meli
* roberto fabian ramirez
* nahuel cainelli
* ezequiel eduardo bullaude
* manuel tadeo llano massa
* guillermo fabian pereira
* facundo altamira
* kalazan suarez
* jhostin medranda
* emanuel quinteros
* leandro soria
* matias gonzalez
* tomas agustin alvarez
* hector joaquin varela
* nicolas gabriel sanchez
* jeison daniel chala vasquez
* nelson martin ibanez
* augusto aguirre
* adrian ezequiel cirigliano
* wilder jose cartagena mendoza
* mauro javier dos santos
* facundo santiago rodriguez
* victorio gabriel ramis
* enzo agustin manzur
* santiago damian garcia correa
* juan cruz bolado
* franco raul gonzalez
* danilo fabian ortiz soto
* marcelo freites
* lucas ezequiel aguero
* juan francisco brunetta
* marcos sebastian rouzies
* richard fabian prieto
* christian andres almeida rodriguez
* enzo agustin ybanez
* nahuel arena
* joaquin mateo garcia
* ivan smith
* diego francisco viera ruiz diaz
* hernan dario bernardello
* fabio agustin verdugo
* fernando andres nunez
* gaston agustin heredia
* leandro lencinas
* brian ezequiel alferez
* osmar leguizamon pavon
* walter omar serrano
* diego nicolas riolfo perez
* ramiro fernando martinez
* maximiliano sigales straneo
* maximiliano correa
* nicolas andres sanchez
* diego poyet
* luis de faria
* nahir ezequiel bonacorso
* emanuel david garcia
* luis de faria
* matias gabriel contreras
* arturo david ramirez torres
* juan ignacio alvacete
* alan gabriel aldalla
* gabriel oscar moyano
* fernando brico
* federico arturo illanes
* juan ignacio acordino
* leandro ruben caruso
* juan manuel marital
* armando enrique cooper whitaker
* jonathan daniel chavez
* juan manuel barrera
* sergio daniel lopez",29
huracan,huracan,"Jugadores del club huracan:
* lucas gabriel merolla
* lucas nahuel castro
* lucas abraham chavez
* federico fattori mouzo
* santiago hezze
* matias fernando coccaro ferreira
* gaston sauro
* omar fernando tobio
* gabriel alejandro gudino
* hector jonas acevedo
* juan fernando garro
* nicolas fernando cordero
* guillermo tomas soto arredondo
* joaquin ariel novillo
* fernando torrent guidi
* dante nicolas campisi
* valentin alberto burgoa
* cesar roman ibanez
* maicol cabrera
* fernando gabriel godoy
* lucas eduardo carrizo
* patricio pizarro
* angel guillermo benitez
* valentin sanchez
* enzo luna
* juan carlos gauto
* santiago moya
* rafael ferrario
* franco sebastian cristaldo
* benjamin antonio garre
* ismael alberto quilez
* fabian gaston henriquez
* walter gabriel perez
* bruno leonel vides
* agustin alejandro curruhinca
* marcos guillermo diaz
* lucas gabriel vera
* pablo javier adorno martinez
* mateo bajamich
* santiago ezequiel navarro
* cristian david nunez vazquez
* agostino luigi spina
* patricio daniel toranzo
* fernando pedro cosciuc
* pablo damian oro
* federico ezequiel marin
* francisco sebastian ramirez
* nicolas alexis silva
* ivan erquiaga
* leandro damian grimi
* enrique luis triverio
* jose david moya rojas
* diego alan mercado carrizo
* ezequiel augusto bonifacio moreno
* diego roberto mendoza meabe
* braian ezequiel maidana talavera
* renato civelli
* fernando coniglio
* lucas giuliano valente
* saul savin salcedo zarate
* agustin ramon casco
* ivan alexis tierno
* rodrigo manuel gomez
* carlos luciano araujo
* antony domingo silva cano
* nicolas romat
* javier osvaldo mendoza
* fernando diego pellegrino
* adrian daniel calello
* lucas mariano bareiro
* lucas ariel campana
* lorenzo abel faravelli
* omar federico alderete fernandez
* daniel alejandro hernandez gonzalez
* juan ignacio sills
* matias daniel juarez romero
* david hernan drocco
* gabriel miguel guerra
* david alberto depetris
* hugo martin nervo
* ignacio pussetto
* carlos javier matheu
* juan pablo vivas
* daniel gaston montenegro
* alejandro sebastian romero gamarra
* julio eduardo angulo medina
* tomas martin molina
* lucio compagnucci
* mario pablo risso caffaro
* leandro javier diaz borsani
* matias fernando giordano
* emanuel david morales
* lucas ezequiel cuevas
* manuel agustin falon
* martin sarrafiore
* leonel ezequiel muller
* ezequiel nicolas miralles sabugo
* german mandarino
* alan sombra
* guillermo sotelo
* ezequiel adrian gallegos
* edson raul puch cortes
* ivan diego moreno y fabianesi
* agustin gonzalo torassa
* ivan emilio borghello
* david andres distefano
* carlos andre arano fernandez
* lucas gabriel favalli
* santiago echeverria
* pablo nicolas bruna
* gabriel alejandro robledo
* agustin jose gil clarotti",30
independiente,independiente,"Jugadores del club independiente:
* ivan jose marcone
* rodrigo francisco jesus rey
* sergio damian barreto
* juan ramon cazares sevillano
* mauricio andres cuero castillo
* martin cauteruccio rodriguez
* damian alfredo perez
* joaquin marcelo laso
* lucas nahuel gonzalez martinez
* tomas agustin pozzo
* ayrton enrique costa
* luciano luis romulo gomez
* braian miguel angel martinez
* rodrigo marquez
* edgar joel elizalde ferreira
* agustin nicolas mulet
* matias gimenez
* thomas sebastian ortega
* patricio ostachuk
* javier nicolas vallejo
* julian romero
* juan zarza
* santiago hidalgo
* kevin lopez
* diego alexandre segovia hernandez
* sergio fabian ortiz
* justo d'angelo
* santiago ayala
* lucas daniel romero
* carlos sebastian sosa silva
* damian ivan batallini
* alan sonora
* leandro miguel fernandez
* facundo ferreyra
* leandro ivan benegas
* milton david alvarez
* alex vigo gamaliel
* lucas nahuel rodriguez
* gabriel alejandro hachen
* renzo damian bacchia rodriguez
* ramiro lobo
* enzo javier franco
* domingo felipe blanco
* geronimo gaston poblete
* carlos nahuel benavidez protesoni
* david sayago
* mauro zurita
* juan ignacio pacchini
* matias sosa
* fabricio bustos sein
* alan agustin velasco
* facundo lando
* mauro julian molina
* silvio ezequiel romero
* sebastian alberto palacios
* pedro pablo hernandez
* nicolas ariel messiniti
* adrian arregui
* alan javier franco
* federico andres martinez berroa
* alexander nahuel barboza ullua
* martin nicolas benitez
* juan ezequiel da rosa
* cecilio andres dominguez ruiz
* fernando vicente gaibor orellana
* martin nicolas campana delgado
* gaston alexis silva perdomo
* francisco manuel delorenzi
* gonzalo rehak
* francisco andres silva gajardo
* franco andres velez
* fernando gabriel amorebieta mardaras
* emmanuel gigliotti
* maximiliano eduardo meza
* juan manuel martinez
* damian gonzalo albil
* ezequiel alexander denis
* hernan dario pellerano
* walter daniel erviti roldan
* nicolas alejandro tagliafico
* juan manuel martinez trejo
* leonel ignacio alvarez
* victor leandro cuesta
* cristian gabriel rodriguez barrotti
* victor emanuel aguilera
* saul sadam nelle
* fabian ariel monserrat
* marcelo leonel vidal
* mauricio bernardo victorino dansilio
* alan gustavo fabian depotte
* cristian alberto tula
* gabriel gustavo valles
* eloy rodriguez
* jorge ivan perez",31
lanus,lanus,"Jugadores del club lanus:
* cristian franco lema
* lautaro german acosta
* jose gustavo sand
* raul alberto loaiza morelos
* leandro nicolas diaz
* pedro de la vega
* felipe aguilar mendoza
* leonel di placido
* tomas belmonte
* lautaro alberto morales
* franco troyansky
* diego luis braghieri
* facundo martin perez
* jose maria canale dominguez
* guillermo rafael de amores ravelo
* juan manuel sanchez mino
* matias eduardo esquivel
* julian ezequiel aude bernardi
* braian nahuel aguirre
* luciano boggio
* samuel careaga
* javier ivan cazal baez
* franco orozco
* maximiliano gonzalez
* mateo sanabria
* brian blando
* brian aguilar
* julio cesar soler
* nicolas pasquini
* fernando monetti
* claudio paul spinelli
* matias damian perez
* matias vera
* franco ortellado
* lucas varaldo
* ignacio cechi
* agustin rodriguez
* angel emanuel gonzalez
* alexandro ezequiel bernabei
* juan pablo krilanovich
* luciano peraggini
* jose manuel alberto lopez
* diego hernan valeri
* kevin joel lomonaco
* tomas ezequiel canteros
* gaston andres lodico
* matias luis belloso
* alejo german tabares
* pablo aranda
* guillermo enio burdisso
* ousmane ndong
* jose luis gomez
* alexis rafael perez fontanilla
* facundo tomas quignon
* gonzalo adrian casazza
* gabriel dario carrasco
* fernando omar barrientos
* damian marcelino moreno
* pablo daniel martinez morales
* juan pablo cozzani
* gonzalo ignacio di renzo
* jose luis sinisterra castillo
* matias donato
* tiago pagnussat
* marcos ariel pinto
* agustin mansilla
* denis joel martinez
* lucas andres mugni
* german gustavo denis
* matias santiago sanchez
* enzo gabriel ortiz
* alejandro daniel silva gonzalez
* kevin cardozo
* maximiliano nicolas velazquez
* sergio fabian gonzalez
* nicolas ezequiel caro torres
* miguel angel almiron rejala
* jose jonny magallon oliva
* gustavo raul gomez portillo
* junior benitez
* sebastian eduardo leto
* cristian manuel chavez
* oscar benitez
* matias leonel gonzalez
* walter hernan gallardo
* diego barisone
* cesar gabriel borda
* andres leonardo sena
* agustin federico marchesin",32
newell's old boys,newell's old boys,"Jugadores del club newell's old boys:
* leonel jesus vangioni
* juan manuel garcia
* lucas adrian hoyos
* willer emilio ditta perez
* pablo javier perez
* julian rodrigo fernandez
* victor gustavo velazquez ramos
* armando jesus mendez alcorta
* guillermo luis ortiz
* ramiro jesus macagno
* ivan alejandro gomez
* cristian ezequiel ferreira
* lucas santiago melano
* bruno alejandro pitton
* juan sebastian sforza
* francisco agustin gonzalez
* djorkaeff neicer reasco gonzalez
* fabian steven angel bernal
* ramiro sordo
* facundo mansilla
* tomas jacob
* martin luciano
* brian aguirre
* marcelo esponda
* guillermo balzi
* franco herrera
* marcos portillo
* nazareno funez
* marco campagnaro
* luciano cingolani
* genaro rossi
* ivan mauricio arboleda
* jeronimo cacciabue
* nicolas federico castro
* roman bravo
* patricio acevedo
* cristian manuel insaurralde
* denis emanuel rodriguez
* gabriel carlos compagnucci
* ignacio martin scocco
* maximiliano ruben rodriguez
* fernando daniel belluschi
* jonathan ezequiel cristaldo
* pablo david sabbag daccarett
* mateo maccari
* williams barlasina
* franco nicolas escobar
* facundo agustin nadalin
* alexis agustin rodriguez
* santiago juan gentiletti selak
* enzo daniel cabrera
* fabricio bautista fontanini
* joaquin torres
* angelo emanuel gabrielli scaroni
* tobias donsanti
* francisco david fydriszewski
* ignacio nicolas huguenet
* luis leal dos anjos
* leonel ferroni
* juan pablo freytes
* facundo pardo
* lisandro agustin cabrera
* mauricio alejandro tevez
* daniel hernan opazo
* lucas ariel villarruel
* ribair rodriguez perez
* emanuel adrian biancucchi
* victor alberto figueroa
* teodoro paul paredes pavon
* alfio ovidio oviedo alvarez
* nicolas matias temperini
* juan manuel requena
* emanuel joel amoroso
* brian oscar sarmiento
* junior jose correia
* ivan rodrigo piris leguizamon
* alan daniel luque
* milton treppo
* milton nahuel valenzuela
* ivan ezequiel silva
* lucas nicolas giovagnoli
* sebastian ezequiel d'angelo
* leandro figueroa
* sebastian enrique dominguez
* maximiliano ivan pollacchi
* emiliano franco pola
* german ariel voboril
* fabricio orosman formiliano duarte
* gabriel alejandro baez corradi
* daniel mancini
* leandro sebastian fernandez
* diego mateo alustiza
* marcos antonio caceres centurion
* hernan villalba
* lucas ariel boye
* franco nicolas perez
* facundo bustamante
* marcos leonel perez
* martin tonso
* oscar alfredo ustari
* ezequiel ponce martinez
* enzo beloso
* juan angel neira
* carlos leonel torres
* jonathan valle
* lucas bernardi
* hernan alexis altolaguirre",33
nueva chicago,nueva chicago,"Jugadores del club nueva chicago:
* christian gustavo gomez
* nicolas miguel sainz
* sebastian hugo grazzini
* marcos adrian galarza
* nicolas tauber
* pablo martin ruiz
* leandro augusto caballero
* nicolas cesar rizzo
* tomas paschetta
* mauricio antonio arias gonzalez
* juan cruz monteagudo
* lucas baldunciel
* norberto dario palmieri
* alan lionel minaglia
* gonzalo vivas
* rodrigo espindola
* daud gazale",34
olimpo,olimpo,"Jugadores del club olimpo:
* franco bellocq
* emiliano mathias tellechea
* ramon alberto lentini
* gonzalo fabian porras burghi
* cristian damian villanueva
* david vega
* nolberto ezequiel vidal
* maximiliano fabian fornari
* daniel alejandro ibanez
* pedro silva torrejon
* rodrigo martin cabalucci
* renzo ramirez maidana
* luis alfredo vila
* said daniel llambay
* lautaro jose belleggia
* nicolas jose herranz
* leandro lautaro lacunza
* facundo garcia
* sebastian ezequiel anchoverri ponce
* martin ferreyra
* tomas costa
* adrian jose gabbarini
* orlando gabriel gaona lugo
* cristian javier nasuti
* eial strahman
* martin perez guedes
* maximiliano daniel perez tambasco
* ezequiel d'angelo
* oscar ezequiel jonathan parnisari
* nicolas ariel alvarez
* matias alejandro mayer
* federico freire
* jose erik correa villero
* nicolas mariano minutella
* victor ruben lopez
* nereo champagne
* mario angel paglialunga
* brian federico ferreira
* jean pierre agustin barrientos diaz
* pablo nicolas miguez farre
* elias josue borrego
* ezequiel hector viola
* fernando javier gonzalez
* joaquin susvielles
* jose roberto lincopan
* luca ezequiel orozco
* ignacio torres
* alejandro otero
* leandro martorano
* enrique blanco
* nicolas hernan ihitz
* matias sebastian porcari
* hugo roberto colace
* luciano nequecaur
* alex leonardo bolanos reascos
* javier soner
* juan manuel olivares",35
patronato,patronato,"Jugadores del club patronato:
* nicolas mario domingo
* nicolas eduardo castro
* lucas nahuel kruspzky
* jorge vidal valdez chamorro
* gerardo damian arce
* facundo cobos
* lautaro nicolas comas
* nazareno damian solis
* sergio maximiliano ojeda
* lautaro dante geminiani
* fabio francisco vazquez
* brian agustin nievas
* jorge martin aruga torales
* alexander sosa
* mateo levato
* franco daniel rivasseau
* juan pablo barinaga
* tomas caceres
* gaston novero
* matias lautaro ruiz diaz
* jose alberto barreto
* ignacio russo cordero
* valentin pereyra
* matias alexis budino
* kevin damian gonzalez
* jonathan carlos herrera
* raul alberto lozano
* franco ezequiel leys
* axel alan rodriguez
* matias gabriel pardo
* julio leonel mosevich
* justo giani
* enmerson geovanny batalla martinez
* oliver paz benitez
* lucas ramon barrios caceres
* diego gonzalo garcia cardozo
* mauro gabriel ortiz
* rolando garcia guerreno
* leandro lucas marin
* damian oscar lemos
* bruno saul urribarri
* hugo alejandro magallanes silveira
* nicolas gabriel albarracin basil
* faustino dettler
* matias palavecino
* nicolas franco
* walter agustin pastorelli
* mateo komar
* brian leonel negro
* fernando david luna
* federico costa
* german ariel rivero
* juan ignacio barinaga
* santiago david brinone
* agustin guiffrey
* mauro ezequiel gonzalez
* pablo oscar cortizo
* mathias nicolas abero villan
* matias andres escudero
* gabriel adrian diaz
* hugo gabriel silveira pereira
* agustin emiliano sufi
* federico vietto
* juan cruz franzoni
* juan francisco galetto
* walter saul andrade
* lucas eduardo mancinelli
* pablo martin ledesma
* sebastian hernan bertoli
* lucas esteban ceballos
* jacobo guillermo mansilla
* gonzalo renzo vera
* agustin sandona
* ignacio andres cacheiro
* sergio abel peralta
* german berterame
* nicolas pantaleone
* marcos javier minetti
* emanuel alarcon
* mauricio ezequiel sperduti
* pablo nicolas royon silvera
* matias nicolas fonseca
* leonardo matias garrido
* facundo barcelo viera
* alberto cirilo contrera gimenez
* darwin jesus gonzalez mendoza
* ivan alejandro furios
* blas antonio caceres garay
* marcelo guzman
* lucas alexander sosa
* matias alejandro quiroga
* lucas matias marquez
* julian augusto marchioni
* rodrigo javier migone
* maximiliano ezequiel nunez
* mauricio nicolas carrasco
* agustin bossio
* abel luis masuero
* tomas spinelli
* marcos damian maydana
* yamil silva
* gabriel alejandro vargas venegas
* alejandro almada
* alexander hollman
* arnaldo gonzalez
* jonathan marcelo ferrari
* gonzalo alejandro espinoza toledo",36
platense,platense,"Jugadores del club platense:
* gaston suso
* ignacio schor
* juan infante
* gonzalo ruben bergessio
* gonzalo asis
* vicente taborda
* rodrigo nicolas contreras
* horacio gabriel tijanovich
* federico gino acevedo fagundez
* ignacio mauricio jesus arce
* miguel isaias jacquet duarte
* nicolas jorge morgantini
* sebastian guerrero martinez
* alejandro miguel sanchez
* alexis amadeo sabella
* franco baldassarra
* juan pablo pignani
* ronaldo ivan martinez rolon
* franco diaz
* nicolas servetto
* juan cruz esquivel
* nahuel casasola
* federico gonzalez
* augusto alcorcel
* mauro matias zarate
* carlos gabriel villalba rivas
* mauro ezequiel bogado
* ramiro gabriel gonzalez hernandez
* haibrany nick ruiz diaz minervino
* nicolas delgadillo godoy
* hector miguel canteros
* jorge alberto de olivera
* hernan agustin lamberti
* braian ezequiel mansilla
* facundo omar cardozo
* nadir zeineddin
* facundo russo
* franz gonzales mejia
* kevin orlando andrade murillo
* jean carlos colorado
* matias tissera
* facundo nicolas curuchet
* stefano callegari
* tiago palacios
* luciano leonel recalde
* roberto bochi
* nahuel iribarren
* cristian marcial
* patricio damian perez
* franco baldasarra
* julian marcioni
* jorge rolando pereyra diaz",37
quilmes,quilmes,"Jugadores del club quilmes:
* diego daniel colotto
* matias sarulyte
* facundo gabriel coria
* gabriel nicolas benegas
* cristian damian trombetta
* matias escobar
* ismael benegas arevalos
* gaston ezequiel bottino
* sergio daniel escudero
* tomas leonides lopez
* gaston pinedo
* horacio martin ramirez
* enzo michel acosta
* jose luis valdez
* diego alberto torres
* brandon nicolas obregon
* francesco daniel celeste
* sebastian andres pinto perurena
* cristian andres garcia
* lucas raul giovini schiapino
* fernando emanuel de la fuente
* eduardo mario jesus burruchaga
* nicolas andreas paterno
* walter daniel benitez
* mariano esteban uglessich
* ignacio colombini
* leonel juan daniel bontempo
* damian alejandro malrechauffe verdun
* silvio marcos dulcich arias
* sergio gabriel hipperdinger
* leonel maximiliano demelchori
* matias omar morales
* gustavo david noguera dominguez
* sebastian adolfo ereros
* maximiliano hernan paredes
* franco emmanuel caseres
* leonardo alvarado
* nicolas lopez
* nicolas alejandro cabrera
* alexis pedro canelo
* oscar edmundo vaca ortega
* diego mario buonanotte rende
* federico ezequiel fioramonti
* nestor adrian fernandez palacios
* cristian damian leyes
* flavio german ciampichetti
* genaro agustin vuanello
* diego gaspar diellos
* brian federico cucco ballarini
* christopher alejandro cabral
* miguel eduardo montano bejarano
* jorge antonio serrano",38
quilmes atletico club,quilmes atletico club,"Jugadores del club quilmes atletico club:
* emiliano carrasco
* gonzalo acevedo",39
racing club,racing club,"Jugadores del club racing club:
* gabriel arias arroyo
* maximiliano nicol moralez
* leonardo german sigali
* emiliano gabriel vecchio
* anibal ismael moreno
* gabriel agustin hauche
* leonel ariel miranda
* gonzalo ruben piovi
* enzo nahuel copetti
* emiliano adrian insua zapata
* edwin andres cardona bedoya
* matias nicolas rojas romero
* jonathan david gomez
* johan stiven carbonero balanta
* facundo mura
* carlos jonas alcaraz
* gaston nicolas reniero
* oscar mauricio opazo lara
* hector hugo fertoli
* jonathan sebastian galvan
* maximiliano samuel romero
* ivan alexis pillud
* nicolas adrian oroz
* juan ignacio martin nardoni
* matias nicolas tagliamonte
* juan jose caceres
* maico alejandro quiroz
* roman fernandez
* eugenio esteban mena reveco
* mauricio leonel martinez
* lucas alfonso orban alegre
* tomas alejandro chancalay
* nery andres dominguez
* marcelo javier correa
* gonzalo cordoba
* ignacio galvan
* axel agustin ojeda
* gustavo orlando cortez quinonez
* ivan gabriel maggi
* ignacio piatti
* maximiliano alberto lovera
* gaston viera
* marcelo alfonso diaz rojas
* lorenzo antonio melgarejo sanabria
* luca javier andrada
* evelio ramon cardozo
* sergio daniel juarez
* augusto jorge mateo solari
* federico matias zaracho
* ricardo daniel noir
* carlos raul olses quijada
* matias escudero
* jose luis rodriguez bebanz
* juan manuel sanchez de leon
* rodrigo adrian schlegel
* zander mateo cassierra cabezas
* renzo saravia
* rodrigo nahuel amaral pereira
* gustavo leonardo bou
* lautaro javier martinez
* juan agustin musso
* leonel enzo piedrabuena
* egidio raul arevalo rios
* hector cayetano villalba
* andres felipe ibarguen garcia
* carlos santiago naguel
* marcos javier acuna
* agustin ignacio orion
* luciano roman aued
* angel alejandro garcia
* agustin araujo
* braian alejandro guille
* willian benito candia garay
* wilder andres guisao correa
* diego sebastian saja
* rodrigo javier de paul
* roger beyker martinez tobinson
* carlos rodrigo nunez techera
* diego alberto milito
* mauro ezequiel bazan
* rodrigo ezequiel paillalef
* ezequiel alejandro melillo
* wason libardo renteria cuesta",40
river plate,river plate,"Jugadores del club river plate:
* ignacio martin fernandez
* franco armani
* enzo nicolas perez
* diego nicolas de la cruz arcosa
* matias ezequiel suarez
* milton casco
* paulo cesar diaz huincales
* miguel angel borja hernandez
* ezequiel omar barco
* emanuel mammana
* rodrigo german aliendro
* robert samuel rojas chavez
* agustin palavecino lamela
* bruno zuculini
* hector david martinez
* santiago simon
* pablo solari
* leandro martin gonzalez pirez
* elias jose gomez
* jonathan ramon maidana
* marcelo andres herrera mansilla barrios
* lucas beltran
* claudio matias kranevitter
* jose antonio paradela
* ezequiel ignacio centurion
* franco petroli
* felipe pena
* flabian londono
* juan fernando quintero paniagua
* tomas pochettino
* javier horacio pinola
* julian alvarez
* enzo jeremias fernandez
* braian ezequiel romero
* fabrizio german angileri
* jorge andres carrascal guardo
* leonardo daniel ponzio
* german dario lux
* felipe pena biafore
* rafael santos borre maury
* gonzalo ariel montiel
* jorge luis moreira ferreira
* santiago sosa
* lucas martinez quarta
* joaquin arzura
* ivan rossi
* kevin leonel sibille
* santiago gabriel montiel
* fernando matias benitez
* luciano fabian vera
* martin lombardi
* exequiel alejandro palacios
* camilo sebastian mayada mesa
* gonzalo nicolas martinez
* rodrigo nicanor mora nunez
* luis julian olivera
* marcelo josemir saracchi pintos
* alan marcel picazzo
* lucas nicolas alario
* sebastian driussi
* arturo rafael mina meza
* ivan daniel alonso vallejo
* andres nicolas d'alessandro
* marcelo alberto barovero
* luis oscar gonzalez
* eder fabian alvarez balanta
* gabriel ivan mercado
* tabare uruguay viudez mora
* pablo sebastian carreras
* abel alberto casquete rodriguez
* claudio gabriel salto
* lautaro nahuel arellano
* javier pedro saviola fernandez
* carlos andres sanchez arcosa
* nicolas facundo godoy
* jose ramiro funes mori
* german alejandro pezzella
* fernando ezequiel cavenaghi
* pablo cesar aimar giordano
* diego hermes martinez
* martin sebastian aguirre",41
rosario central,rosario central,"Jugadores del club rosario central:
* victor ignacio malcorra
* carlos gustavo quintana
* gaspar andres servio
* jorge emanuel broun
* juan cruz komar
* damian alberto martinez
* walter ivan alexis montoya
* facundo ezequiel almada
* francis manuel mac allister
* jhonatan marcelo candia hernandez
* alejo veliz
* gino infantino
* francesco lo celso
* ismael cortez
* facundo mallo
* alan nicolas marinelli
* luca leovino martinez dupuy
* luciano ismael ferreyra
* kevin ortiz
* octavio bianchi
* juan pablo romero
* franco frias
* agustin toledo
* lautaro dario giaccone
* juan cruz cerrudo
* fabricio oviedo
* fernando rodriguez
* leonel vergara
* cristian javier baez
* lautaro emanuel blanco
* julian alberto velazquez
* facundo buonanotte
* gustavo adrian ramirez rojas
* mateo tanlongo
* jose david leudo romana
* nazareno romero
* michael o'neal covea uzcategui
* lucas emanuel gamba
* milton joel caraglio
* claudio ariel yacob
* pedro emmanuel ojeda
* ulises ciccioli
* ricardo garay lima
* julio luques
* martin ernesto rabunal rey
* marco gaston ruben rodriguez
* nahuel franco
* fabian andres rinaudo
* diego martin zabala morales
* leandro luis desabato
* rafael sangiovani
* joan mazzaco
* marcelo agustin mino
* diego martin novaretti
* leonel rivas
* rodrigo ivan gonzalez
* alan leonel bonansea
* jeronimo rodriguez
* joel brandon lopez pissano
* andres lioi
* cristian marcelo gonzalez tassano
* jeremias conan ledesma
* miguel angel barbieri
* leonel jonas aguirre avalo
* fernando matias zampedri
* leonardo roque gil
* jarlan junior barrera escalona
* oscar eduardo cabezas segura
* alfonso cristian parot rojas
* german gustavo herrera
* duvan andres vergara hernandez
* facundo emanuel rizzi
* renzo jose ignacio alfani
* nicolas gimenez
* hugo diego arismendi ciapparetta
* angel nahuel gomez
* federico gaston carrizo
* agustin maziero
* agustin coscia
* emilio di fulvio
* paulo andres ferrari
* gustavo alejandro colman
* santiago ernesto romero fernandez
* fernando ruben alarcon
* damian marcelo musto
* esteban rodrigo burgos
* mauro cetto
* cesar fabian delgado godoy
* matias alberto mansilla
* teofilo antonio gutierrez roncancio
* tomas zanotti
* walter ruben acuna
* giovani lo celso
* ezequiel rodriguez
* franco emanuel cervi
* rodrigo andres battaglia
* lucas lazo
* jonatan schulze
* fernando pinero
* jesus fared
* jonatan schulze
* washington sebastian abreu gallo",42
san lorenzo,san lorenzo,"Jugadores del club san lorenzo:
* jose antonio devecchi
* adam fernando bareiro gamarra
* ezequiel osvaldo cerutti
* cristian nahuel barrios
* augusto martin batalla barga
* jalil juan jose elias
* federico agustin gattoni
* agustin martegani
* gaston matias campi
* gonzalo maroni
* alexander diaz
* andres vombergar
* malcom nahuel braida
* gaston hernandez
* carlos manuel insaurralde ochart
* mariano ezequiel peralta bauer
* siro ignacio cabral rosane
* agustin giay
* alex matias ibacache mora
* alexis francisco flores
* diego calcaterra
* jeremias james
* ivan leguizamon
* gonzalo lujan
* tomas silva
* francisco perruzzi
* matias hernandez
* ezequiel herrera
* cristian eduardo zapata valencia
* sebastian alberto torrico
* nestor ezequiel ortigoza
* nicolas blandi
* agustin hausch
* nicolas ezequiel fernandez mercau
* adrian ricardo centurion
* yeison stiven gordillo vargas
* gabriel hernan rojas
* gino peruzzi lucchetti
* luis alberto sequeira
* alejandro cesar donatti
* eduardo garcia
* gonzalo ivan berterame
* francisco galvan
* franco matias di santo
* angel rodrigo romero villamayor
* victor ezequiel salazar
* matias damian palacios
* lautaro mario nahuel lopez kaleniuk
* ramon gines arias quinteros
* bautista merlini
* adolfo julian gaich
* jose antonio vivanco
* gonzalo javier rodriguez
* marcos nicolas senesi baron
* andres jair renteria morelo
* gustavo adolfo torres grueso
* juan camilo salazar hinestrosa
* santiago emanuel gonzalez puga
* robert ayrton piris da motta
* leandro atilio romagnoli
* leandro alexis navarro
* mathias corujo diaz
* luis ezequiel avila
* brian luis mieres
* sebastian marcelo blanco
* alvaro david montero perales
* hector daniel villalba
* pablo cesar barrientos
* pedro camilo franco ulloa
* fabricio gabriel pedrozo
* mario alberto yepes diaz
* gaston benitez
* alejandro brian barbaro
* sebastian emmanuel gonzalez valdez
* facundo buenavia
* leonardo neoren franco
* claudio matias mirabaje correa
* walter kannemann",43
san lorenzo de almagro,san lorenzo de almagro,"Jugadores del club san lorenzo de almagro:
* diego martin rodriguez berrini
* angel martin correa",44
san martin de san juan,san martin de san juan,"Jugadores del club san martin de san juan:
* andres fabricio romero
* gabriel manes
* enzo alejandro bruno",45
san martin san juan,san martin san juan,"Jugadores del club san martin san juan:
* luis emanuel ardente
* facundo adrian erpen
* juan francisco mattia
* fernando emanuel dening
* humberto segundo osorio botello
* matias oscar fissore
* martin ivan bravo
* fernando daniel brandan
* marcos agustin gelabert
* matias ariel sanchez
* gonzalo ruben castillejos
* gustavo alejandro villarruel
* claudio ezequiel mosca
* hernan nicolas da campo
* gonzalo sebastian prosperi
* arian benjamin pucheta
* leonardo andres corti
* diego daniel cardozo
* alex silva quiroga
* gianni daniel rodriguez fernandez
* jonatan esteban goitia
* nicolas franco pelaitay
* facundo desima
* martin luque
* pablo andres aguilar
* camilo damian candido aquino
* emiliano german aguero
* leandro sebastian vega
* felix banega
* cristian agustin parano rasguido
* federico urraburo
* maximiliano rodriguez maeso
* dante zacarias moran correa
* santiago chacon
* joaquin alejandro molina
* mauricio ferney casierra
* sergio sagarzazu
* lucas ezequiel salas
* raul quiroga
* maximiliano daniel alganaraz
* sebastian rusculleda
* javier alejandro capelli
* patricio martin matricardi
* franco martin lazzaroni
* daniel alejandro franco
* jorge luis luna vacca
* emilio exequiel hernandez hernandez
* arrinton narciso mina villalba
* leandro ivan barrera
* juan ezequiel garcia
* matias silva
* rodrigo armando alaniz
* pablo ernesto vitti
* maximiliano andres bustos
* gustavo pinedo zabala
* matias martin jones mourigian
* facundo pumpido
* mauro ramiro milano",46
san martin tucuman,san martin tucuman,"Jugadores del club san martin tucuman:
* alberto facundo costa
* jorge carlos carranza
* lucas martin diarte
* ramiro costa
* emiliano purita
* gonzalo emanuel rodriguez
* julian vitale
* rodrigo hernan petryk vidal
* ricardo ariel moreira
* maximiliano ramon martinez
* pedro nahuel fernandez
* nahuel raul menendez
* alejandro altuna
* gustavo abregu
* agustin prokop
* esteban matias gomez
* tomas federico
* patricio albornoz
* claudio daniel bieler
* lucas gonzalez
* juan mauricio jaime
* juan gines orellana
* matias cahais
* edgar fabian espindola
* fernando patricio cordero fonseca
* emiliano albin antognazza
* marcos daniel figueroa
* alvaro fernandez gay
* franco lautaro costa",47
sarmiento,sarmiento,"Jugadores del club sarmiento:
* lisandro lopez
* juan manuel insaurralde
* emiliano jorge ruben mendez
* javier fabian toledo
* jose agustin mauri
* gonzalo bettini
* guido mainero
* sebastian tomas meza
* luciano gondou
* lucas mauricio acosta
* franco sbuttoni
* juan cruz kaprof
* sergio quiroga
* franco agustin quinteros
* yair arismendi
* fernando martinez rojas
* jean pierre rosso genova
* juan emanuel hernandez rodriguez
* pablo gaston gerzel
* jonatan david gallardo
* federico paradela
* nicolas federico femia
* benjamin borasi
* manuel garcia
* luis yamil garnier
* gabriel diaz nunez
* jonathan torres
* federico andueza velazco
* manuel guanini
* josue daniel ayala
* julian brea
* facundo ferrero
* martin garcia
* jonathan guillermo nunez espinoza
* facundo castet
* joaquin cabrera
* federico vismara
* bruno enzo liuzzi
* joaquin gho
* manuel matias vicentini
* jose ignacio tomino
* juan caviglia
* gabriel maximiliano graciani
* federico mancinelli
* federico bravo
* nicolas bazzana
* patricio cucchi
* rodrigo javier salinas
* claudio martin pombo
* matias molina
* luis marcelo herrera
* fausto emanuel montero
* fermin antonini
* nicolas bianchi arce
* guillermo ferracutti
* francisco dutari
* patricio elias vidal
* lucas emmanuel perez godoy
* walter alejandro busse
* alan maximiliano aguirre
* hector luis cuevas
* javier nicolas burrai
* nicolas rinaldi
* daniel roberto garro
* maximiliano mendez
* ariel armando kippes
* federico pieretto
* joaquin vivani
* agustin pascucci
* jonathan santana ghere
* kevin bryan mercado mina
* matias emanuel lequi
* franco peppino
* juan ignacio lopez
* andres franzoia
* emanuel tripodi
* daniel alberto delgado
* mauro joel rodriguez
* israel emanuel coll
* franco david aguero
* marcos salvaggio
* esteban ciaccheri
* german espinazo
* pablo martin bangardino
* silvio oscar iuvale
* marcelo andres scatolaro gunther
* matias ignacio diaz
* juan manuel azil
* luis oscar quiroga
* federico gaston castro
* mario nahuel quiroga",48
talleres cordoba,talleres cordoba,"Jugadores del club talleres cordoba:
* francisco andres pizzini
* guido gabriel herrera
* diego luis valoyes ruiz
* enzo hernan diaz
* nahuel lautaro bustos
* rafael perez
* matias ezequiel catalan
* alan joaquin aguerre
* julio alberto buffarini
* michael nicolas santos rosadilla
* federico girotti bonazza
* angelo martino
* rodrigo roman villagra
* christian gabriel oliva gimenez
* rodrigo garro
* lucas matias suarez scalarea
* favio enrique alvarez
* francisco fabian alvarez
* alan steven franco palma
* gaston americo benavidez
* ulises ortegoza
* jose david romero
* gonzalo alvez
* juan cruz giacone
* tomas palacios
* franco nicolas fragueda
* fernando ezequiel juarez
* tomas bernardo cavanagh
* joaquin blazquez
* kevin pereira
* federico ezequiel torres
* matias rodrigo cordoba
* manuel ignacio lago
* cristian luduena
* junior gabriel arias cacerers
* gaston alberto torres
* laureano martinez
* renzo paparelli
* mateo jose mamani
* guilherme parede pinheiro
* facundo nahuel tenaglia
* carlos daniel auzqui
* piero martin hincapie reyna
* federico dario navarro
* fernando luis bersano
* franco rodrigo fragapane
* favio benjamin cabral
* marcos luis arturia
* javier marcelo gandolfi
* exequiel dario beltramone
* mauricio ariel caranta
* aldo andres araujo
* dayro mauricio moreno galindo
* catriel ignacio sanchez
* samuel alejandro sosa cordero
* adrian andres cubas
* facundo axel medina
* cristian romulo ojeda
* franco daniel malagueno
* mauro abrahan valiente
* ezequiel gaston mastrolia
* miguel gianpierre araujo blanco
* pablo horacio guinazu
* brian guillermo montenegro benitez
* alexis nahuel messidoro
* cristian ezequiel ramirez
* kevin andre humeler
* joao robin rojas mendoza
* gabriel omar ramirez
* giancarlo bianchini
* antoliano santiago moyano
* carlos andres munoz rojas
* gonzalo martin klusener
* guillermo gaston cotugno lima
* wilfredo olivera
* ivo facundo chaves
* agustin hernan diaz
* rodrigo ramon burgos oviedo
* okikiola afolabi
* daniel emmanuel luduena
* vicente jose matias vuoso
* hernan nicolas encina",49
temperley,temperley,"Jugadores del club temperley:
* gaston damian aguirre
* leonardo di lorenzo
* fabian miguel munoz
* ezequiel ariel montagna
* juan ignacio sanchez sotelo
* adrian miguel scifo
* ignacio boggino
* williams ismael riveros ibanez
* leandro carlos de bortoli
* santiago giordana
* sebastian alejandro martelli
* rodrigo facundo de ciancio
* mathias adalberto villasanti rolon
* gaspar gentile
* alexis lucas delgado
* agustin alejandro sosa
* julian eduardo lucero
* claudio dario salina
* franco capalbo
* franco andres sosa
* lucas javier mulazzi
* fernando asmar
* pablo salazar
* rodi david ferreira
* federico antunez
* rodrigo cordoba
* gaston rodas
* claudio luciano vazquez
* patricio nicolas romero
* ariel damian colzera
* nicolas fabian rodriguez
* javier raul fernandez
* rodrigo pascual viega alves
* diego ariel rojas
* lucas joaquin parodi cuello
* cristian martin palacios ferreira
* gonzalo matias rios
* ruben dario ramirez
* cristian ezequiel canuhe
* pablo vilchez
* nahuel ivan peralta
* rodrigo garcia
* alejandro javier frezzotti
* luis eduardo lopez
* mauro matias mallorca
* eduardo fabian ledesma trinidad
* gustavo javier aprile retta
* enzo adrian ruiz
* ignacio orona
* javier antonio grbec
* fabian hector sambueza
* federico ruben bruno",50
tigre,tigre,"Jugadores del club tigre:
* mateo retegui
* alexis castro
* lucas ariel menossi
* lucas blondel
* facundo colidio
* gonzalo marinelli
* leonardo sebastian prediger
* brian abel luciatti
* victor fernando cabrera
* agustin ezequiel cardozo
* tomas oscar badaloni
* blas esteban armoa nunez
* sebastian medina
* ijiel cesar protti
* sebastian nahuel prieto
* javier agustin obando
* brian alexis leizza
* martin sebastian galmarini
* cristian zabala
* agustin baldi
* martin ortega
* enzo roberto diaz morales
* felipe tomas zenobio
* gonzalo flores
* pablo daniel magnin
* nicolas agustin demartini
* manuel roffo
* diego alejandro sosa
* oscar camilo salomon
* juan ignacio cavallaro
* facundo daniel monteseirin
* franco ezequiel bustamante
* ezequiel alejandro rodriguez
* diego eugenio becker
* marco wolff
* facundo nicolas giacopuzzi
* jorge ivan bolano
* roman fernando martinez
* diego alberto morales
* carlos ariel luna
* nestor emanuel moiraghi
* ivo kestler
* facundo emmanuel melivillo
* pedro nicolas sansotre
* walter damian montillo
* diego daniel vera mendez
* ignacio canuto
* gerardo alcoba rebollo
* gaston guruceaga fagundez
* alexis jorge niz
* matias perez acuna
* laureano fernando nutz
* walter uriel mazzantti
* alberto cesar stegman
* matias ezequiel blengio
* federico javier crivelli
* maximiliano david gonzalez
* kevin federik ramirez dutra
* carlos emilio rodriguez rodriguez
* angel ezequiel garre
* daniel ernesto imperiale
* ivo hongn
* ramon nazareno mierez
* maximiliano andres diaz
* juan carlos blengio
* miguel nicolas bertochi
* rodrigo leonel depetris
* guillermo cosaro
* renzo spinaci
* lucas nicolas chacana
* lucas giuliano passerini
* esteban gabriel giambuzzi
* rodrigo daniel chao
* hamilton miguel pereira ferron
* santiago agustin villarreal
* fernando redondo
* gaspar emmanuel iniguez
* diego rafael castano
* emiliano nahuel ellacopulos
* ignacio bonadio
* diego martin gurri bentancor
* andres zanini
* sebastian balmaceda
* fernando javier lugo
* jorge marcelo rodriguez nunez
* horacio de dios orzan
* sebastian gerardo piriz ribas
* santiago izaguirre
* alejandro daniel rebola
* leandro julian garate
* sebastian ariel silguero
* jeronimo morales neumann
* ernesto goni ameijenda
* ramon daniel lescano
* mariano moscato
* ariel emmanuel pio
* gabriel martin penalba
* lucas vesco",51
union de santa fe,union de santa fe,"Jugadores del club union de santa fe:
* claudio guerra",52
union santa fe,union santa fe,"Jugadores del club union santa fe:
* sebastian emanuel moyano
* claudio gaston corvalan
* franco ezequiel calderon
* juan carlos portillo
* mauro luna diale
* martin ezequiel canete
* federico vera
* kevin andres zenon
* bryan david castrillon gomez
* francisco joel gerometta
* imanol machuca
* oscar piris
* enzo martin roldan
* lucas angel esquivel
* junior osvaldo marabel jara
* daniel eduardo juarez
* marcos hernan peano
* jorge gaston comas
* facundo aguero
* matias gabriel gallegos panozzo
* tomas gonzalez
* alessandro balbo
* nicolas paz
* diego gonzalez
* mateo del blanco
* gianfranco cabrera
* jeronimo domina
* juan luduena
* santiago andres mele castanero
* diego fabian polenta musetti
* jonatan daniel alvez sagar
* sebastian jaurena
* leonel bucca
* emanuel britez
* leonardo javier ramos
* gaston gonzalez
* nicolas ignacio penailillo acuna
* cristian geist
* federico bonansea
* franco lionel godoy milessi
* fernando andres marquez
* marco borgnino
* nicolas andereggen
* matias german nani
* pablo agustin palacio abaca
* jorge raul zules caicedo
* alberto sebastian assis silva
* fernando gaston elizari sedano
* lucas emanuel rios
* alfredo pussetto
* lisandro vladimir tablada
* lucas javier algozino
* jonathan brian david fleita
* oscar javier mendez albornoz
* braian gabriel alvarez
* santiago nicolas lebus
* alan daniel sosa
* yeimar pastor gomez andrade
* manuel ignacio de iriondo
* dario bottinelli
* guillermo andres mendez aguilera
* nereo ariel fernandez
* santiago zurbriggen
* joaquin matias papaleo
* walter german bracamonte
* matias ignacio garcia
* mariano gomez
* claudio ezequiel aquino
* luciano damian balbi
* matias fidel castro fuentes
* jose ariel nunez portelli
* mauro emiliano cejas
* facundo britos
* juan gabriel rivas
* lucas damian pruzzo
* diego armando godoy vazquez
* diego nicolas villar
* robertino insua
* santiago magallan
* rodrigo nahuel erramuspe
* diego martin rolle
* danilo ezequiel carando
* matias orlando fantin
* emir saul faccioli
* tomas bolzicco
* mariano augusto mauri
* geronimo felipe lissi
* facundo andres affranchino
* marcelo alejandro cardozo
* matias gaston castro
* jonatan gabriel tarquini",53
velez sarsfield,velez sarsfield,"Jugadores del club velez sarsfield:
* diego roberto godin leal
* lucas ezequiel janson
* lautaro daniel gianetti
* walter ariel bou
* francisco gabriel ortega
* leonardo fabian burian castro
* lucas david pratto
* luca nicolas orellano
* leonardo rafael jara
* gaston gomez
* santiago caseres
* matias de los santos de los santos
* jonathan diego menendez
* tomas ezequiel guidara
* juan ignacio mendez
* maximo perrone
* miguel marcelo brizuela
* nicolas garayalde
* valentin gomez
* jose ignacio florentin bobadilla
* mauro rodolfo pitton
* julian fernandez
* abiel osorio
* damian ariel fernandez
* roberto joaquin garcia
* mateo seoane
* matias nahuel borgogno
* santiago castro
* joel sonora
* lenny lobato
* agustin bouzat
* luis antonio amarilla lencina
* thiago ezequiel almada
* florian gonzalo de jesus monzon
* juan martin lucero
* federico andres mancuello
* ricardo gabriel alvarez
* enzo gabriel martinez suarez
* pablo ignacio galdames millan
* luis alfonso abram ugarelli
* alexander dominguez carabali
* hernan de la fuente
* emiliano javier amor
* jhonathan raphael ramis persincula
* marcos nahuel enrique
* facundo agustin caseres
* ramiro julian caseres
* nazareno daniel bazan vera
* hernan de la fuente
* fernando ruben gago
* lucas gaston robertone
* braian ezequiel cufre
* alvaro martin barreal
* mauricio toni
* emiliano bogado
* felipe nicolas di lena
* gaston claudio gimenez
* nicolas martin dominguez
* fabian alberto cubero
* matias ezequiel vargas martin
* yamil rodrigo asad
* alejo gaston montero
* gonzalo ezequiel rodriguez
* jesus jose david mendez
* fausto grillo
* gonzalo javier yordan
* tomas carlos figueroa
* jorge ivan correa
* fabricio oscar alvarenga
* favio alejandro duran
* gianluca mancuso
* eric emmanuel jerez
* santiago osmar stelcaldo
* juan emanuel lucero
* hernan barcos
* ramiro alexis rios
* leandro daniel somoza
* federico nahuel vazquez
* roberto antonio nanni
* rodolfo combe arriola
* alan cristian arario
* eduardo raul pucheta
* alejandro ariel cabral
* jairo david velez cedeno
* leandro yoel vera
* ivan alfredo chacon quiroz
* tiago paolo flores",54
